{
  "total_samples": 28,
  "valid_scores_count": 17,
  "success_rate": 60.71428571428571,
  "mean_score": 3.1470588235294117,
  "min_score": 0.0,
  "max_score": 7.5,
  "scores": [
    0.0,
    3.0,
    6.5,
    3.5,
    0.0,
    3.0,
    3.0,
    3.0,
    3.0,
    3.5,
    0.0,
    7.5,
    3.0,
    3.0,
    6.5,
    2.0,
    3.0
  ]
}